{"$schema":"http://schema.management.azure.com/schemas/2015-01-01/deploymentTemplate.json#","contentVersion":"1.0.0.0","parameters":{"factoryName":{"type":"string","metadata":"データ ファクトリ名"}},"variables":{"factoryId":"[concat('Microsoft.DataFactory/factories/', parameters('factoryName'))]"},"resources":[{"name":"[concat(parameters('factoryName'), '/ManageFabricCapacityAzure')]","type":"Microsoft.DataFactory/factories/pipelines","apiVersion":"2018-06-01","properties":{"description":"action: resume/suspend/scaling","activities":[{"name":"SwitchAction","type":"Switch","dependsOn":[],"userProperties":[],"typeProperties":{"on":{"value":"@pipeline().parameters.Action","type":"Expression"},"cases":[{"value":"scaling","activities":[{"name":"ScalingFabricCapacityAzure","type":"ExecutePipeline","dependsOn":[],"userProperties":[],"typeProperties":{"pipeline":{"referenceName":"ScalingFabricCapacityAzure","type":"PipelineReference"},"waitOnCompletion":true,"parameters":{"CapacityName":{"value":"@pipeline().parameters.CapacityName","type":"Expression"},"ResourceGroupName":{"value":"@pipeline().parameters.ResourceGroupName","type":"Expression"},"SubscriptionId":{"value":"@pipeline().parameters.SubscriptionId","type":"Expression"},"TargetSKUSize":{"value":"@pipeline().parameters.TargetSKUSize","type":"Expression"}}}}]},{"value":"resume","activities":[{"name":"ResumeFabricCapacityAzure","type":"ExecutePipeline","dependsOn":[],"userProperties":[],"typeProperties":{"pipeline":{"referenceName":"ResumeFabricCapacityAzure","type":"PipelineReference"},"waitOnCompletion":true,"parameters":{"CapacityName":{"value":"@pipeline().parameters.CapacityName","type":"Expression"},"ResourceGroupName":{"value":"@pipeline().parameters.ResourceGroupName","type":"Expression"},"SubscriptionId":{"value":"@pipeline().parameters.SubscriptionId","type":"Expression"}}}}]},{"value":"suspend","activities":[{"name":"SuspendFabricCapacityAzure","type":"ExecutePipeline","dependsOn":[],"userProperties":[],"typeProperties":{"pipeline":{"referenceName":"SuspendFabricCapacityAzure","type":"PipelineReference"},"waitOnCompletion":true,"parameters":{"CapacityName":{"value":"@pipeline().parameters.CapacityName","type":"Expression"},"ResourceGroupName":{"value":"@pipeline().parameters.ResourceGroupName","type":"Expression"},"SubscriptionId":{"value":"@pipeline().parameters.SubscriptionId","type":"Expression"}}}}]}]}}],"policy":{"elapsedTimeMetric":{}},"parameters":{"CapacityName":{"type":"string"},"ResourceGroupName":{"type":"string"},"SubscriptionId":{"type":"string"},"Action":{"type":"string","defaultValue":"scaling"},"TargetSKUSize":{"type":"string","defaultValue":"F2"}},"variables":{"Baseurl":{"type":"String","defaultValue":"https://management.azure.com"}},"folder":{"name":"ManageFabricCapacityAzure"},"annotations":[],"lastPublishTime":"2021-12-17T14:58:25Z"},"dependsOn":["[concat(variables('factoryId'), '/pipelines/ScalingFabricCapacityAzure')]","[concat(variables('factoryId'), '/pipelines/ResumeFabricCapacityAzure')]","[concat(variables('factoryId'), '/pipelines/SuspendFabricCapacityAzure')]"]},{"name":"[concat(parameters('factoryName'), '/ScalingFabricCapacityAzure')]","type":"Microsoft.DataFactory/factories/pipelines","apiVersion":"2018-06-01","properties":{"activities":[{"name":"Get_Capacity","type":"WebActivity","dependsOn":[],"policy":{"timeout":"0.12:00:00","retry":0,"retryIntervalInSeconds":30,"secureOutput":false,"secureInput":false},"userProperties":[],"typeProperties":{"url":{"value":"@{variables('Baseurl')}/subscriptions/@{pipeline().parameters.SubscriptionId}/resourceGroups/@{pipeline().parameters.ResourceGroupName}/providers/Microsoft.Fabric/capacities/@{pipeline().parameters.CapacityName}?api-version=2022-07-01-preview","type":"Expression"},"method":"GET","headers":{},"authentication":{"type":"MSI","resource":"https://management.core.windows.net/"}}},{"name":"If Same SKU","type":"IfCondition","dependsOn":[{"activity":"Get_Capacity","dependencyConditions":["Succeeded"]}],"userProperties":[],"typeProperties":{"expression":{"value":"@equals(activity('Get_Capacity').output.sku.name,pipeline().parameters.TargetSKUSize)","type":"Expression"},"ifFalseActivities":[{"name":"Scaling","type":"WebActivity","dependsOn":[],"policy":{"timeout":"0.12:00:00","retry":0,"retryIntervalInSeconds":30,"secureOutput":false,"secureInput":false},"userProperties":[],"typeProperties":{"url":{"value":"@{variables('Baseurl')}/subscriptions/@{pipeline().parameters.SubscriptionId}/resourceGroups/@{pipeline().parameters.ResourceGroupName}/providers/Microsoft.Fabric/capacities/@{pipeline().parameters.CapacityName}?api-version=2022-07-01-preview","type":"Expression"},"method":"PATCH","headers":{},"body":{"value":"{\n  \"sku\": {\n    \"name\": \"@{pipeline().parameters.TargetSKUSize}\",\n    \"tier\": \"Fabric\"\n  }\n}","type":"Expression"},"authentication":{"type":"MSI","resource":"https://management.core.windows.net/"}}}]}}],"policy":{"elapsedTimeMetric":{}},"parameters":{"CapacityName":{"type":"string"},"ResourceGroupName":{"type":"string"},"SubscriptionId":{"type":"string"},"TargetSKUSize":{"type":"string","defaultValue":"F2"}},"variables":{"Baseurl":{"type":"String","defaultValue":"https://management.azure.com"}},"folder":{"name":"ManageFabricCapacityAzure/module"},"annotations":[],"lastPublishTime":"2021-12-17T14:58:25Z"},"dependsOn":[]},{"name":"[concat(parameters('factoryName'), '/ResumeFabricCapacityAzure')]","type":"Microsoft.DataFactory/factories/pipelines","apiVersion":"2018-06-01","properties":{"activities":[{"name":"Get_Capacity","type":"WebActivity","dependsOn":[],"policy":{"timeout":"0.12:00:00","retry":0,"retryIntervalInSeconds":30,"secureOutput":false,"secureInput":false},"userProperties":[],"typeProperties":{"url":{"value":"@{variables('Baseurl')}/subscriptions/@{pipeline().parameters.SubscriptionId}/resourceGroups/@{pipeline().parameters.ResourceGroupName}/providers/Microsoft.Fabric/capacities/@{pipeline().parameters.CapacityName}?api-version=2022-07-01-preview","type":"Expression"},"method":"GET","headers":{},"authentication":{"type":"MSI","resource":"https://management.core.windows.net/"}}},{"name":"If Active","type":"IfCondition","dependsOn":[{"activity":"Get_Capacity","dependencyConditions":["Succeeded"]}],"userProperties":[],"typeProperties":{"expression":{"value":"@equals(activity('Get_Capacity').output.properties.state,'Active')","type":"Expression"},"ifFalseActivities":[{"name":"Resume","type":"WebActivity","dependsOn":[],"policy":{"timeout":"0.12:00:00","retry":0,"retryIntervalInSeconds":30,"secureOutput":false,"secureInput":false},"userProperties":[],"typeProperties":{"url":{"value":"@{variables('Baseurl')}/subscriptions/@{pipeline().parameters.SubscriptionId}/resourceGroups/@{pipeline().parameters.ResourceGroupName}/providers/Microsoft.Fabric/capacities/@{pipeline().parameters.CapacityName}/resume?api-version=2022-07-01-preview","type":"Expression"},"method":"POST","headers":{},"body":{},"authentication":{"type":"MSI","resource":"https://management.core.windows.net/"}}}]}}],"policy":{"elapsedTimeMetric":{}},"parameters":{"CapacityName":{"type":"string"},"ResourceGroupName":{"type":"string"},"SubscriptionId":{"type":"string"}},"variables":{"Baseurl":{"type":"String","defaultValue":"https://management.azure.com"}},"folder":{"name":"ManageFabricCapacityAzure/module"},"annotations":[],"lastPublishTime":"2021-12-17T14:58:25Z"},"dependsOn":[]},{"name":"[concat(parameters('factoryName'), '/SuspendFabricCapacityAzure')]","type":"Microsoft.DataFactory/factories/pipelines","apiVersion":"2018-06-01","properties":{"activities":[{"name":"Get_Capacity","type":"WebActivity","dependsOn":[],"policy":{"timeout":"0.12:00:00","retry":0,"retryIntervalInSeconds":30,"secureOutput":false,"secureInput":false},"userProperties":[],"typeProperties":{"url":{"value":"@{variables('Baseurl')}/subscriptions/@{pipeline().parameters.SubscriptionId}/resourceGroups/@{pipeline().parameters.ResourceGroupName}/providers/Microsoft.Fabric/capacities/@{pipeline().parameters.CapacityName}?api-version=2022-07-01-preview","type":"Expression"},"method":"GET","headers":{},"authentication":{"type":"MSI","resource":"https://management.core.windows.net/"}}},{"name":"If Paused","type":"IfCondition","dependsOn":[{"activity":"Get_Capacity","dependencyConditions":["Succeeded"]}],"userProperties":[],"typeProperties":{"expression":{"value":"@equals(activity('Get_Capacity').output.properties.state,'Paused')","type":"Expression"},"ifFalseActivities":[{"name":"Suspend","type":"WebActivity","dependsOn":[],"policy":{"timeout":"0.12:00:00","retry":0,"retryIntervalInSeconds":30,"secureOutput":false,"secureInput":false},"userProperties":[],"typeProperties":{"url":{"value":"@{variables('Baseurl')}/subscriptions/@{pipeline().parameters.SubscriptionId}/resourceGroups/@{pipeline().parameters.ResourceGroupName}/providers/Microsoft.Fabric/capacities/@{pipeline().parameters.CapacityName}/suspend?api-version=2022-07-01-preview","type":"Expression"},"method":"POST","headers":{},"body":{},"authentication":{"type":"MSI","resource":"https://management.core.windows.net/"}}}]}}],"policy":{"elapsedTimeMetric":{}},"parameters":{"CapacityName":{"type":"string"},"ResourceGroupName":{"type":"string"},"SubscriptionId":{"type":"string"}},"variables":{"Baseurl":{"type":"String","defaultValue":"https://management.azure.com"}},"folder":{"name":"ManageFabricCapacityAzure/module"},"annotations":[],"lastPublishTime":"2021-12-17T14:58:25Z"},"dependsOn":[]}]}